horaEjecucion,tiempo(segundos),dcache_load_misses,dcache_loads,L1_dcache_stores,LLC_loads,e_core,e_ram,cycles,instructions,cache_misses,all_per_cache,cache_references,branches
21:52:11.687402763,0.25,1.885.777,23.624.007,3.524.877,279.279,0.06,0.37,57.939.884,16.624.986,702.502,56.894,1.234.746,3.630.944
21:52:13.034724945,0.25,485.718,5.195.065,6.586.366,547.042,0.11,0.36,55.568.179,15.798.804,667.604,54.677,1.220.996,3.386.033
21:52:14.383753879,0.25,461.119,4.556.792,4.513.146,376.957,0.04,0.36,81.394.453,31.848.106,899.158,51.979,1.729.859,6.982.980
21:52:15.732380990,0.25,640.042,6.797.392,10.295.242,749.978,0.04,0.36,51.729.319,13.573.204,682.870,63.263,1.079.417,2.967.220
21:52:17.078545598,0.25,492.334,4.865.917,4.685.718,367.489,0.05,0.37,57.839.765,25.402.224,633.561,52.603,1.204.415,5.590.861
21:52:18.426129902,0.25,498.811,5.170.365,4.579.777,409.093,0.04,0.36,86.727.453,39.228.280,837.115,44.409,1.885.005,8.708.038
21:52:19.772403853,0.25,375.755,4.072.020,5.264.608,477.815,0.06,0.36,98.317.395,37.368.496,948.928,48.197,1.968.871,8.211.077
21:52:21.119910116,0.25,835.569,8.809.641,5.621.266,386.763,0.05,0.37,65.742.473,17.343.166,805.729,60.569,1.330.268,3.742.441
